,dataset,classifier_type,min_classified,median_classified,max_classified,accuracy,misclassified_in_confusion_count,misclassified_count,total_count,min_confusion,seperator,max_confusion
0,train,base,,,,1.0,0,0,1851,0.2996768951416015,-1.1365580558776855,0.2996768951416015
1,train,mix,,,,1.0,0,0,1851,0.2996768951416015,-1.1365580558776855,0.2996768951416015
2,val,base,-14.409385681152344,-3.18594741821289,13.486408233642578,0.9636608344549125,0,27,743,,0.21523141860961914,
3,val,mix,-16.806119918823242,8.890573024749756,14.124778747558594,0.9703903095558546,0,22,743,,0.21523141860961914,
4,synth,base,-15.280452728271484,-4.674226760864258,10.579139709472656,0.9158810732414794,29,116,1379,-1.7783145904541016,0.5910205841064453,7.358856201171875
5,synth,mix,,,,1.0,0,0,1379,-1.7783145904541016,0.5910205841064453,7.358856201171875
