type,actual_classname,mean,median,min,max,std,count
synth,cassette player,9.763317294027484,9.851414680480955,-1.7783145904541016,19.36638116836548,3.5725817778048023,971
synth,"chain saw, chainsaw",-7.616764673415353,-7.820695877075195,-24.27979874610901,7.358856201171875,4.580306950175127,408
train,cassette player,12.121135727276375,12.663497924804688,-0.6152925491333008,18.75829267501831,3.1162150784671874,993
train,"chain saw, chainsaw",-12.66381426513334,-12.827757358551025,-17.973196029663086,0.2996768951416015,2.449249662400223,858
val,cassette player,12.233967702261873,12.746848106384276,0.7546405792236328,19.17946147918701,3.1690741121674213,357
val,"chain saw, chainsaw",-12.458603412993831,-12.731375217437744,-17.808326721191406,-0.3241777420043945,2.431903913955091,386
