actual_classname,mean,median,min,max,std,count
cassette player,10.955432214707804,11.420081615447998,-1.7783145904541016,19.36638116836548,3.5502956328514057,1964
"chain saw, chainsaw",-11.037276955954082,-12.047568321228027,-24.27979874610901,7.358856201171875,4.047449524724774,1266
