,Unnamed: 0,cos_sim,delta_sim,sim_0,sim_1,y_conf,correct,y_conf_mix,correct_mix
count,3973.0,3973.0,3973.0,3973.0,3973.0,3973.0,3973.0,3973.0,3973.0
mean,1986.0,23.795846648399877,1.7875111491920783,19.05773260015521,17.27022145096313,0.9091906468907768,0.964007047571105,0.9697752660155173,0.9944626227032469
std,1147.0506382312276,3.7665415211927677,11.680516478031649,6.314967674904457,6.586592274828662,0.22748876478761257,0.18629598846430442,0.12768431312992334,0.07421658259983036
min,0.0,8.42811393737793,-24.27979874610901,3.98282790184021,2.9637258052825928,7.516599e-08,0.0,0.00040334175,0.0
25%,993.0,21.434795379638672,-11.570268630981444,13.529457092285156,12.011507034301758,0.97292423,1.0,0.9956601,1.0
50%,1986.0,24.18352127075196,7.1399126052856445,19.4039249420166,14.851659774780272,0.9977592,1.0,0.99962366,1.0
75%,2979.0,26.52827835083008,12.302570343017578,24.68895530700684,23.674047470092773,0.9998148,1.0,0.99997807,1.0
max,3972.0,32.949703216552734,19.36638116836548,31.89645195007324,32.949703216552734,1.0,1.0,1.0,1.0
