type,mean,median,min,max,std,count
synth,4.621132056379422,7.788186073303223,-24.27979874610901,19.36638116836548,8.840581485610318,1379
train,0.6324879188012072,6.841740608215332,-17.973196029663086,18.75829267501831,12.681683847129914,1851
val,-0.5942051786112111,-7.139185905456543,-17.808326721191406,19.17946147918701,12.660601342006837,743
