actual_classname,mean,median,min,max,std,count
Rhodesian ridgeback,7.58477764372613,8.171415328979492,-10.323663711547852,20.34077262878418,4.782628989819417,1884
beagle,-9.44927964381447,-9.959697723388672,-18.38507962226868,7.466527938842773,4.0438871823479206,1869
