type,mean,median,min,max,std,count
synth,-0.796429377023434,-0.9764633178710938,-16.18723773956299,16.705265998840332,7.542570563466653,1879
train,-1.0002624194675473,-2.112116813659668,-18.38507962226868,20.34077262878418,11.295588282375258,1874
val,-0.8297233616180051,-2.7242965698242188,-17.499926567077637,18.229665756225582,11.347101362785416,826
