,dataset,classifier_type,min_classified,median_classified,max_classified,accuracy,misclassified_in_confusion_count,misclassified_count,total_count,min_confusion,seperator,max_confusion
0,train,base,,,,1.0,0,0,1874,-10.167766571044922,-3.1284804344177246,2.220256805419922
1,train,mix,,,,1.0,0,0,1874,-10.167766571044922,-3.1284804344177246,2.220256805419922
2,val,base,-14.676634788513184,-7.595085620880127,13.584922790527344,0.9491525423728814,5,42,826,-4.916555404663086,-1.8724403381347656,2.491373062133789
3,val,mix,-11.183406829833984,-7.423062324523926,12.853662490844728,0.9600484261501211,5,33,826,-4.916555404663086,-1.8724403381347656,2.491373062133789
4,synth,base,-10.497564315795898,-1.7421245574951172,11.614131927490234,0.9004789781798829,181,187,1879,-10.323663711547852,-1.3134965896606445,7.466527938842773
5,synth,mix,,,,1.0,0,0,1879,-10.323663711547852,-1.3134965896606445,7.466527938842773
