,Unnamed: 0,cos_sim,delta_sim,sim_0,sim_1,y_conf,correct,y_conf_mix,correct_mix
count,4579.0,4579.0,4579.0,4579.0,4579.0,4579.0,4579.0,4579.0,4579.0
mean,2289.0,26.14194666534877,-0.8858558790578048,21.149337108959458,22.03519298801726,0.8089019675958811,0.9499890805852806,0.9683610011227308,0.9927931862852151
std,1321.9877709973973,3.2605570044314858,9.937366306169997,6.286452866113431,4.548648878007036,0.32212080422411754,0.21799129618078494,0.1350222234000984,0.08459573531359958
min,0.0,13.768722534179688,-18.38507962226868,3.5786397457122803,9.981060028076172,4.982433e-08,0.0,5.0095874e-05,0.0
25%,1144.5,24.108338356018066,-10.400439739227295,15.919253826141357,18.29197120666504,0.7866264300000001,1.0,0.99635663,1.0
50%,2289.0,26.26907539367676,-1.180461883544922,20.18796157836914,21.783519744873047,0.99049336,1.0,0.9996569,1.0
75%,3433.5,28.207275390625,8.578329086303711,26.576754570007324,26.06564807891846,0.9996560999999999,1.0,0.9999796,1.0
max,4578.0,37.21751022338867,20.34077262878418,37.21751022338867,34.10874938964844,1.0,1.0,1.0,1.0
