,Unnamed: 0,cos_sim,delta_sim,sim_0,sim_1,y_conf,correct,y_conf_mix,correct_mix
count,4450.0,4450.0,4450.0,4450.0,4450.0,4450.0,4450.0,4450.0,4450.0
mean,2224.5,23.23455639035514,1.2016481320777637,18.546399774283504,17.344751642205743,0.8538972401373699,0.9175280898876405,0.9714522722209483,0.9950561797752809
std,1284.7486784062737,4.039520504632967,11.26940113053541,6.2371962037822115,6.326244204450076,0.29284904525798067,0.27511325401981473,0.12130957216123531,0.07014616591931189
min,0.0,8.42811393737793,-24.27979874610901,3.98282790184021,2.9637258052825928,7.521848e-08,0.0,0.00040357182,0.0
25%,1112.25,20.483932971954342,-11.012709379196167,13.235851526260376,12.266052484512329,0.925746475,1.0,0.9950783725,1.0
50%,2224.5,23.7422513961792,4.827644348144531,18.116174697875977,15.455864429473877,0.9962496249999999,1.0,0.99954315,1.0
75%,3336.75,26.258198738098145,11.861255884170534,24.147212505340576,23.129988193511963,0.999738275,1.0,0.99997303,1.0
max,4449.0,32.949703216552734,19.36638116836548,31.89645195007324,32.949703216552734,1.0,1.0,1.0,1.0
