type,actual_classname,mean,median,min,max,std,count
synth,cassette player,9.662675164377342,9.77861213684082,-3.082132339477539,19.36638116836548,3.622758286902495,993
synth,"chain saw, chainsaw",-5.767025423491955,-5.67085075378418,-24.27979874610901,8.193284034729004,4.761802007084538,863
train,cassette player,12.121135727276375,12.663497924804688,-0.6152925491333008,18.75829267501831,3.1162150784671874,993
train,"chain saw, chainsaw",-12.66381426513334,-12.827757358551025,-17.973196029663086,0.2996768951416015,2.449249662400223,858
val,cassette player,12.233967702261873,12.746848106384276,0.7546405792236328,19.17946147918701,3.1690741121674213,357
val,"chain saw, chainsaw",-12.458603412993831,-12.731375217437744,-17.808326721191406,-0.3241777420043945,2.431903913955091,386
