actual_classname,mean,median,min,max,std,count
cassette player,10.891905445826858,11.379060983657837,-3.082132339477539,19.36638116836548,3.594941359015528,1986
"chain saw, chainsaw",-9.205401266680978,-10.718381881713867,-24.27979874610901,8.193284034729004,5.123566271143221,1721
