actual_classname,mean,median,min,max,std,count
Rhodesian ridgeback,7.873011807700164,8.432950973510742,-10.167766571044922,20.34077262878418,4.640829631322054,1797
beagle,-9.8005478972992,-10.302095413208008,-18.38507962226868,7.466527938842773,3.8538073778277036,1731
