,Unnamed: 0,cos_sim,delta_sim,sim_0,sim_1,y_conf,correct,y_conf_mix,correct_mix
count,4354.0,4354.0,4354.0,4354.0,4354.0,4354.0,4354.0,4354.0,4354.0
mean,2176.5,26.316570195463967,-0.8043862398907193,21.246891297711436,22.051277537602157,0.8275541310508256,0.9598070739549839,0.967438912624033,0.9924207625172256
std,1257.0358653064227,3.194534319766981,10.12215806200251,6.380391546014963,4.61632534998145,0.3074609438739552,0.19643400166327332,0.13817472332735126,0.08673823031394017
min,0.0,13.768722534179688,-18.38507962226868,3.5786397457122803,9.981060028076172,7.7482997e-07,0.0,5.007823e-05,0.0
25%,1088.25,24.31501007080078,-10.632323265075684,15.876373767852783,18.192959785461426,0.83809775,1.0,0.9966636625,1.0
50%,2176.5,26.413358688354492,-0.9055976867675781,20.32505512237549,21.802006721496586,0.992344,1.0,0.99969207,1.0
75%,3264.75,28.31284236907959,8.871015548706055,26.829663276672363,26.175045490264893,0.999705025,1.0,0.9999819,1.0
max,4353.0,37.21751022338867,20.34077262878418,37.21751022338867,34.10874938964844,1.0,1.0,1.0,1.0
