type,actual_classname,mean,median,min,max,std,count
synth,Rhodesian ridgeback,5.8843434919390765,6.050800323486328,-8.094985961914062,16.705265998840332,4.449291922449106,855
synth,beagle,-7.476305511030596,-7.838314056396484,-16.18723773956299,7.466527938842773,3.540259646229325,799
train,Rhodesian ridgeback,9.678013304489687,10.096501350402832,-10.167766571044922,20.34077262878418,4.035524572584615,942
train,beagle,-11.793111917286984,-12.229746341705322,-18.38507962226868,2.220256805419922,2.8712759678005417,932
val,Rhodesian ridgeback,10.095231960801517,10.61876106262207,-4.916555404663086,18.229665756225582,3.8344169950160283,408
val,beagle,-11.49331611651553,-11.922824382781982,-17.499926567077637,2.491373062133789,3.1017376489840562,418
